country,year,Life Ladder,Log GDP per capita,Social support,Healthy life expectancy at birth,Freedom to make life choices,Generosity,Perceptions of corruption,Positive affect,Negative affect,Confidence in national government,Democratic Quality
Albania,2007,4.634251595,8.984320641,0.821371615,67.16507721,0.528604746,-0.008007661,0.874699533,0.552677572,0.24633503,0.300680578,-0.052545309
Albania,2012,5.510124207,9.189268112,0.784501791,67.94297791,0.601512134,-0.169465303,0.847675204,0.606635928,0.271393239,0.364893705,-0.080255359
Albania,2013,4.550647736,9.201384544,0.759476721,68.10704041,0.631830275,-0.127928138,0.862904966,0.633608878,0.338378578,0.338094711,0.046827607
Albania,2014,4.813763142,9.223851204,0.625586927,68.27110291,0.734648407,-0.025756422,0.882704437,0.684910536,0.334542662,0.49878639,0.318415493
Austria,2006,7.122211456,10.64822578,0.936350405,70.01869965,0.941382349,0.293191671,0.490111172,0.823104739,0.173811689,0.497037798,1.245759606
Austria,2008,7.180953979,10.69278336,0.934592783,70.5018692,0.879069269,0.281785101,0.613625228,0.832169592,0.173194528,0.257242203,1.368347287
Austria,2010,7.302678585,10.66813183,0.914193332,70.63227844,0.895979762,0.121517204,0.546144843,0.8147192,0.155792549,0.486446619,1.294795513
Austria,2011,7.470512867,10.69245338,0.944156826,70.98503876,0.939355612,0.122097492,0.702721,0.789470851,0.14523755,0.406920105,1.305701375
Austria,2012,7.400688648,10.69543934,0.945142388,70.94441223,0.919703901,0.108246133,0.770585775,0.822247744,0.156674996,0.376573861,1.390330195
Austria,2013,7.498802662,10.69280529,0.949809194,70.90379333,0.921734452,0.158495918,0.678936899,0.787312806,0.162603319,0.417099237,1.403200269
Austria,2014,6.949999809,10.68985462,0.898920476,70.86317444,0.885026872,0.108001404,0.566931307,0.779692769,0.17014955,0.407695413,1.353559971
Belarus,2006,5.657649994,9.393488884,0.917898655,61.69322586,0.707080483,-0.252588511,0.708274722,0.605487466,0.269400358,0.593287706,-0.806844234
Belarus,2007,5.616976261,9.480582237,0.857527673,62.40303421,0.667299509,-0.232060432,0.694849432,0.595992029,0.234981403,0.543614388,-0.693266869
Belarus,2009,5.56413126,9.585266113,0.907777846,62.58428192,0.679292619,-0.211040124,0.67554307,0.565596819,0.223291501,0.548332989,-0.532979488
Belarus,2010,5.525923252,9.661614418,0.918000162,62.58211517,0.700064421,-0.171164364,0.70612061,0.566530406,0.208272159,0.589527249,-0.834667921
Belarus,2013,5.876466274,9.74594593,0.922505975,64.41842651,0.723431289,-0.186886862,0.653039157,0.608714163,0.206219658,0.507824779,-0.79056555
Belarus,2014,5.812400818,9.761276245,0.880258858,64.86721039,0.647184551,-0.057713151,0.68150872,0.618929267,0.208535567,0.507746696,-0.661405444
Belgium,2007,7.218839645,10.62809658,0.921602786,70.80735016,0.900870383,0.058330484,0.721093476,0.813477159,0.217604309,0.602238297,1.07608068
Belgium,2008,7.116590977,10.62763977,0.92297703,70.71643066,0.887026727,-0.004406164,0.651800513,0.81312269,0.241797924,0.46313706,0.984077632
Belgium,2010,6.853514194,10.6116724,0.930570185,71.20780182,0.806930244,0.01151025,0.697365582,0.828258514,0.240364328,0.33651647,1.081757545
Belgium,2011,7.111363888,10.61787605,0.936955452,71.51950836,0.880153596,-0.02515786,0.711043894,0.834544539,0.225056365,0.289129466,1.139012814
Belgium,2012,6.935122013,10.61212635,0.92711705,71.3420105,0.855266631,-0.060538139,0.757572532,0.820485771,0.238276809,0.44011718,1.124966979
Belgium,2013,7.10366106,10.60740089,0.909186184,71.3420105,0.890711069,0.006587077,0.573664308,0.797417402,0.217138946,0.554124534,1.145511985
Belgium,2014,6.855329037,10.61701012,0.943549156,71.3420105,0.86095351,-0.008715907,0.511975765,0.797633767,0.251557052,0.469111621,1.050706744
Bosnia and Herzegovina,2007,4.899806976,9.087108612,0.76560384,66.56183624,0.341565669,0.007758042,0.92612499,0.612803698,0.296465814,0.403552294,-0.250863224
Bosnia and Herzegovina,2012,4.773144722,9.12287426,0.778859854,67.2230072,0.419789314,-0.00828603,0.95342195,0.547962606,0.338240683,0.194952324,-0.338861793
Bosnia and Herzegovina,2013,5.123664379,9.148648262,0.766827762,67.36144257,0.39034158,0.047000714,0.969836235,0.543629527,0.314516038,0.1134464,-0.267965227
Bosnia and Herzegovina,2014,5.248954296,9.158008575,0.787651718,67.49987793,0.411937386,0.238291308,0.976339638,0.531435847,0.262175202,0.095099099,-0.078180864
Bulgaria,2007,3.843797922,9.600721359,0.831507623,64.8079071,0.5657866,-0.144595906,0.976061046,0.594433486,0.226256058,0.275431663,0.515116513
Bulgaria,2010,3.912276268,9.633131027,0.84327203,65.56493378,0.544536412,-0.15005441,0.940970004,0.545823634,0.237594187,0.365285963,0.42576915
Bulgaria,2011,3.875382423,9.655220032,0.860272288,66.14575195,0.663527906,-0.233260646,0.947978675,0.533738077,0.270931035,0.265244752,0.359271646
Bulgaria,2012,4.222297192,9.663409233,0.837966621,66.28061676,0.641256452,-0.177348077,0.938208699,0.573091209,0.236632824,0.342922807,0.367511153
Bulgaria,2013,3.993020535,9.681724548,0.829132318,66.4154892,0.60321337,-0.197171926,0.9620471,0.622750044,0.278313011,0.170892313,0.232785881
Bulgaria,2014,4.438439846,9.702789307,0.885949194,66.55036163,0.575595915,-0.06095982,0.954636931,0.627810121,0.235593721,0.140402734,0.21117121
Croatia,2007,5.820907593,9.972350121,0.909822166,65.99976349,0.662205756,-0.096241221,0.934273541,0.586316049,0.33708486,0.385139734,0.536359429
Croatia,2012,6.027634621,9.912589073,0.775817871,67.06228638,0.541909754,-0.248342052,0.923860013,0.621574581,0.271040529,0.311118603,0.538579464
Croatia,2013,5.885462761,9.904678345,0.751262069,67.23877716,0.626699686,-0.209493563,0.936059833,0.58999753,0.284729958,0.257140577,0.542883515
Croatia,2014,5.380692482,9.905140877,0.645697773,67.41526031,0.518878043,0.126663536,0.917735159,0.59617871,0.285895109,0.15500845,0.545834541
Cyprus,2006,6.237958431,10.44953728,0.878201067,71.04259491,0.836101174,0.004957342,0.712468922,0.82941252,0.253212214,0.664813399,0.784230888
Cyprus,2009,6.833477497,10.43899822,0.811736107,71.47270966,0.774590671,0.041358635,0.801423609,0.746213078,0.329307944,0.563541174,0.728587091
Cyprus,2010,6.386546135,10.42665577,0.822123706,71.63736725,0.755362809,0.060105376,0.833427012,0.786111474,0.295705855,0.452459902,0.733421683
Cyprus,2011,6.689608574,10.40375137,0.843654513,71.80843353,0.745468855,0.167482302,0.840676486,0.763074279,0.272299588,0.399997503,0.825841069
Cyprus,2012,6.180507183,10.36437988,0.767177105,71.98058319,0.724629581,0.085420452,0.870691717,0.755316854,0.368632913,0.3364124,0.811333656
Cyprus,2013,5.438952446,10.31164932,0.744032085,72.14980316,0.656267941,0.088784099,0.867310464,0.747811615,0.420258701,0.274080217,0.757939279
Cyprus,2014,5.627123833,10.29799938,0.770175993,72.3190155,0.715065658,0.047196407,0.868237555,0.737284124,0.397172987,0.244740322,0.861517787
Czech Republic,2007,6.500194073,10.26099586,0.899779022,67.8715744,0.798949361,-0.070955783,0.927871466,0.736433983,0.276907444,0.268838406,0.971860528
Czech Republic,2010,6.249617577,10.24390125,0.934161127,68.49080658,0.77911222,-0.049199175,0.925964117,0.641369283,0.244084343,0.334044516,0.98019886
Czech Republic,2011,6.331490993,10.26130962,0.91351074,68.88780212,0.787180007,-0.114117831,0.949787855,0.600925982,0.252808869,0.206286699,1.052590847
Czech Republic,2012,6.334149361,10.25086594,0.91242677,69.0668869,0.739808738,-0.161259785,0.956799686,0.609040797,0.256508142,0.169811338,0.992464304
Czech Republic,2013,6.697655678,10.24523926,0.888043344,69.24596405,0.725945652,-0.16315046,0.91589886,0.719957829,0.252652615,0.242542624,1.004958749
Czech Republic,2014,6.483729839,10.26517963,0.877915204,69.42504883,0.800421,-0.175116628,0.896880686,0.678406954,0.235220566,0.339732826,0.99729073
Denmark,2007,7.834233284,10.72786713,0.954201102,68.42073059,0.932086229,0.228044614,0.206005678,0.827859938,0.194323689,0.592505932,1.316372633
Denmark,2008,7.970891953,10.71478558,0.953911722,68.64054871,0.969788373,0.2603558,0.247505307,0.756865501,0.163090929,0.665933907,1.323909163
Denmark,2009,7.683358669,10.65721607,0.93889159,68.7728653,0.949335575,0.252396673,0.205769762,0.74894917,0.233584777,0.626578152,1.272108436
Denmark,2010,7.770515442,10.66889477,0.974977076,69.21250153,0.943630815,0.231371686,0.174896091,0.784826636,0.154562935,0.586689413,1.306402326
Denmark,2011,7.78823185,10.67623234,0.961736143,69.82499695,0.934760153,0.286534339,0.220043078,0.769436002,0.174883381,0.471823335,1.349275589
Denmark,2012,7.519909382,10.66589642,0.951437175,70.04481506,0.932627916,0.128473848,0.187407613,0.773763597,0.208569512,0.534252763,1.298875451
Denmark,2013,7.588606834,10.65685272,0.964707971,70.26463318,0.920254648,0.205585897,0.170042172,0.862346828,0.194673792,0.391405106,1.315739274
Denmark,2014,7.507559299,10.66330051,0.956344306,70.48445129,0.941572249,0.109105863,0.237218335,0.832482934,0.232612774,0.457836896,1.245887995
Estonia,2006,5.371054649,10.11238956,0.91006434,63.25101471,0.748576343,-0.271537572,0.796722651,0.6545313,0.215225026,0.44246769,0.881576538
Estonia,2007,5.332044125,10.19157887,0.895631552,63.35818863,0.712120891,-0.254241645,0.742697179,0.665569842,0.176231012,0.420264125,0.82984817
Estonia,2008,5.451937675,10.13854122,0.90372628,64.19011688,0.642325103,-0.225186244,0.662769675,0.597254455,0.217813089,0.33097899,0.807200909
Estonia,2009,5.137738705,9.981186867,0.873774767,65.10694122,0.61070931,-0.236077264,0.793151677,0.597613275,0.243074834,0.224486127,0.805257499
Estonia,2011,5.486819744,10.08392715,0.908712626,66.32936096,0.735225379,-0.175161451,0.68678391,0.651386082,0.205158427,0.417540222,0.852252603
Estonia,2012,5.363927841,10.13803387,0.889454544,66.41425323,0.696825743,-0.200658888,0.7928527,0.647360325,0.198966742,0.272975951,0.84367466
Estonia,2013,5.367445946,10.15714931,0.900721788,66.49914551,0.753558695,-0.209941283,0.726356387,0.702255547,0.199018165,0.260637581,0.911051869
Estonia,2014,5.55598259,10.18910694,0.917101741,66.58403778,0.773327112,-0.162355125,0.652447462,0.680430651,0.203439116,0.414985895,0.96425277
Finland,2006,7.672449112,10.59951496,0.964562833,69.43505096,0.968580484,-0.016778633,0.132430181,0.721504807,0.172133937,0.757926285,1.522369981
Finland,2008,7.67062664,10.6483345,0.9513399,69.74504852,0.934178948,0.015177811,0.216567531,0.772777677,0.143538713,0.723243475,1.478940248
Finland,2010,7.393264294,10.58215141,0.935481369,70.01014709,0.916009128,0.079450883,0.4125157,0.832108617,0.202094659,0.46184361,1.458051324
Finland,2011,7.354225159,10.60289955,0.937856853,70.53607178,0.936448395,0.089613758,0.319593191,0.772944152,0.20523864,0.565402389,1.461083174
Finland,2012,7.420209408,10.58377647,0.927739382,70.67289734,0.920968115,-0.012763418,0.360733956,0.796285093,0.201654434,0.597941577,1.499362826
Finland,2013,7.444635868,10.56789398,0.940869093,70.85248566,0.918625355,0.02814251,0.305770457,0.768957376,0.194672555,0.420593739,1.470983386
Finland,2014,7.384571075,10.55932236,0.952016532,71.03206635,0.933043957,-0.012089962,0.265479892,0.784109592,0.198813885,0.468558848,1.425943613
France,2006,6.582700253,10.51864243,0.943929076,70.95704651,0.789120734,0.114028849,0.699270129,0.777402222,0.288682431,0.361352921,0.935363114
France,2008,7.008064747,10.5321579,0.935350597,71.31040955,0.833327115,-0.043054186,0.668875813,0.745671511,0.280619293,0.452659398,0.917193949
France,2009,6.283498287,10.497159,0.918158531,71.48602295,0.798213184,-0.09361054,0.654168189,0.762939274,0.303366601,0.474448889,0.859072685
France,2010,6.797901154,10.51168442,0.942954779,71.70446014,0.849702179,-0.115350388,0.622954249,0.789724112,0.260568112,0.401466221,0.936290741
France,2011,6.959185123,10.52742672,0.92128557,72.1006546,0.903366625,-0.114324003,0.626624525,0.780809402,0.280994773,0.375089258,0.880006433
France,2012,6.649365425,10.52471447,0.93709743,71.97216034,0.841320336,-0.160851866,0.607905269,0.754119575,0.252988011,0.44062534,0.885848105
France,2013,6.66712141,10.52691746,0.907690823,71.97216034,0.877795756,-0.136432424,0.699069381,0.800136089,0.204969689,0.395130515,0.82096982
France,2014,6.466867924,10.52445126,0.877504528,71.97216034,0.803474188,-0.129478559,0.655637443,0.811054468,0.215893835,0.263801724,0.787584484
Germany,2007,6.416819572,10.61422825,0.925937593,69.71511841,0.800878227,0.15461269,0.792179406,0.732468903,0.230811894,0.34976545,1.167051792
Germany,2009,6.64149332,10.57159996,0.934782326,69.98021698,0.843784511,0.114961505,0.689930737,0.79182744,0.206444725,0.519230902,1.089941502
Germany,2010,6.724531174,10.61312103,0.939308643,70.11277008,0.842656434,0.082609482,0.688005984,0.793705821,0.182344139,0.395424008,1.047572732
Germany,2011,6.621312141,10.64881325,0.947236657,70.77338409,0.906293273,0.021655597,0.677172124,0.793666244,0.165199533,0.424583137,1.101853728
Germany,2012,6.702362061,10.66977024,0.926406622,70.90592957,0.904440463,0.058252748,0.67923671,0.803739309,0.169576168,0.516928196,1.084466577
Germany,2013,6.965125084,10.67001534,0.931420565,71.03848267,0.894312978,0.01163247,0.56579423,0.743487358,0.204995915,0.557760656,1.167948604
Germany,2014,6.984214306,10.6828661,0.937558949,71.17103577,0.898683429,0.075459741,0.473952919,0.785408497,0.187844872,0.601368845,1.196255088
Greece,2007,6.646961212,10.38387585,0.808002651,69.63173676,0.575308859,-0.199972972,0.844570935,0.737924278,0.22174412,0.38142845,0.744919181
Greece,2009,6.038574696,10.33440304,0.793317616,70.28807831,0.443107843,-0.302509785,0.958768308,0.648513556,0.253589481,0.316206783,0.31902644
Greece,2010,5.839558601,10.28106594,0.868422449,70.46338654,0.484110981,-0.312233418,0.954113841,0.633947492,0.291516393,0.236502409,0.373970062
Greece,2011,5.372039795,10.18801308,0.85155499,70.76483154,0.528125942,-0.325171143,0.941152513,0.591371894,0.322790802,0.175151214,0.35130313
Greece,2012,5.096354008,10.11494637,0.81214112,70.67931366,0.37261042,-0.312889546,0.958908975,0.580687582,0.351506293,0.126218989,0.224957794
Greece,2013,4.720251083,10.08833885,0.686650038,70.67931366,0.425966531,-0.279754996,0.941309869,0.689162374,0.482183158,0.143608585,0.241548538
Greece,2014,4.75623703,10.10120773,0.832333207,70.67931366,0.369156331,-0.29565835,0.930213809,0.694675922,0.385433316,0.188292742,0.294494033
Hungary,2007,4.953917027,10.05210876,0.93065387,64.37306976,0.538498104,-0.172116771,0.895177424,0.700642169,0.230282992,0.24971357,0.88103056
Hungary,2009,4.894600391,9.995925903,0.900874496,65.03629303,0.464373112,-0.135947987,0.914700747,0.664400339,0.227890417,0.199941784,0.710025907
Hungary,2010,4.725132465,10.00559139,0.895693719,65.30243683,0.513835371,-0.156009451,0.98327601,0.655816436,0.234813049,0.251568109,0.785467803
Hungary,2011,4.917602539,10.02584648,0.893662214,65.87551117,0.631100118,-0.1000688,0.939908028,0.642114282,0.304519564,0.35979417,0.790953159
Hungary,2012,4.683358192,10.013978,0.906113982,66.05580139,0.56923151,-0.146845311,0.930297315,0.65190798,0.315398008,0.209778264,0.702347994
Hungary,2013,4.914466858,10.03545284,0.877318323,66.23609924,0.673728287,-0.12381082,0.911533177,0.705703676,0.306724131,0.327895939,0.755799651
Hungary,2014,5.18056345,10.07469654,0.844735265,66.41638947,0.494474709,-0.16062355,0.855361402,0.650690138,0.237619638,0.308385164,0.622265458
Iceland,2008,6.888284206,10.65535259,0.977429569,71.65734863,0.885196149,0.263399243,0.708049297,0.879538476,0.153068438,0.238103107,1.341883302
Iceland,2012,7.590660095,10.59196091,0.978965282,72.80523682,0.904654503,0.232033506,0.758585632,0.899718463,0.157153815,0.257335573,1.337207437
Iceland,2013,7.501394272,10.62072182,0.967144907,72.98084259,0.9232077,0.296509355,0.712598741,0.869971037,0.15627557,0.456565946,1.358282328
Ireland,2006,7.144246578,10.79424,0.967041135,69.45856476,0.943274736,0.230456695,0.472848564,0.878255546,0.208633751,0.632926881,1.277577519
Ireland,2008,7.568029881,10.77702808,0.982521713,70.20683289,0.894108713,0.308757663,0.486994654,0.875383615,0.147759244,0.513727903,1.298773408
Ireland,2009,7.045911312,10.7088356,0.958702445,70.29021454,0.834729671,0.302994251,0.579600155,0.862124026,0.232698768,0.29256928,1.197401524
Ireland,2010,7.257389545,10.70736504,0.972885907,70.77552032,0.85602957,0.336762875,0.618024111,0.875982642,0.200655416,0.332579374,1.161035061
Ireland,2011,7.006904125,10.72927475,0.977377594,70.77765656,0.952034354,0.370415479,0.589912653,0.86522454,0.19030945,0.529104173,1.125581264
Ireland,2012,6.964645386,10.72857952,0.961785913,70.90807343,0.90219456,0.289130628,0.572632253,0.835201979,0.236661568,0.3458727,1.120193124
Ireland,2013,6.760085106,10.74033928,0.955188334,71.03848267,0.883772016,0.317957163,0.558394194,0.814344585,0.245267823,0.285015553,1.094639063
Ireland,2014,7.018379211,10.78789425,0.967744648,71.16889954,0.921629548,0.251754284,0.406036258,0.784334838,0.228723049,0.459882379,1.205327749
Italy,2007,6.574412346,10.54861927,0.912292421,71.62280273,0.684297025,0.10398224,0.922196567,0.715646088,0.303445637,0.30342415,0.770096004
Italy,2008,6.779774189,10.53144073,0.87966311,71.66785431,0.543076873,0.039953712,0.945625067,0.636669159,0.267580599,0.363116562,0.776037395
Italy,2009,6.333800316,10.47051144,0.880312502,71.80085754,0.700550497,0.231735796,0.889984667,0.775457144,0.279377729,0.399521708,0.682788491
Italy,2010,6.354238033,10.48439598,0.872384131,72.15266418,0.737738907,-0.068325989,0.921075165,0.596380711,0.235879943,0.333916396,0.712871492
Italy,2011,6.057086468,10.4885273,0.913309336,72.28565979,0.567738414,-0.026560925,0.933460951,0.658394277,0.265567929,0.259559691,0.702107608
Italy,2012,5.839313984,10.45724773,0.86948663,72.33071136,0.570094943,0.104202248,0.908323646,0.66976124,0.387652248,0.280694604,0.702469766
Italy,2013,6.009373665,10.42802715,0.916296065,72.37575531,0.499168754,-0.110770911,0.942639291,0.778827429,0.356616199,0.145972148,0.717109978
Italy,2014,6.026585102,10.40544128,0.89789933,72.42080688,0.623531222,-0.072224885,0.919959545,0.716064274,0.356019616,0.309035748,0.737915874
Latvia,2006,4.70950222,9.876301765,0.884498775,62.24703598,0.640807152,-0.235197887,0.937048614,0.654295862,0.234135449,0.291489393,0.822819114
Latvia,2007,4.666971684,9.97941494,0.835508585,62.38200378,0.700174093,-0.173483133,0.923952639,0.672520757,0.246862501,0.280693024,0.688644767
Latvia,2008,5.145375252,9.953285217,0.855418265,63.6117363,0.630111456,-0.209533453,0.926328242,0.638644397,0.214901268,0.190757662,0.491857022
Latvia,2009,4.668910503,9.81490612,0.806939304,64.19232178,0.437064558,-0.185536668,0.942090392,0.525004804,0.242196754,0.099944413,0.588900328
Latvia,2011,4.966811657,9.875653267,0.836042464,64.62722778,0.56446445,-0.008537173,0.9342556,0.563278019,0.221713215,0.107237339,0.503782034
Latvia,2012,5.125025272,9.92732811,0.851195216,64.80504608,0.563811779,-0.044212423,0.894979358,0.560012877,0.232224524,0.191219807,0.590419769
Latvia,2013,5.069770336,9.96780777,0.834022582,64.98286438,0.630507529,-0.080164962,0.836553633,0.642102361,0.227449417,0.233799666,0.663091838
Latvia,2014,5.729115486,10.00226498,0.881255507,65.16068268,0.670653164,-0.050945744,0.803687513,0.652273059,0.225979373,0.229044721,0.690409839
Lithuania,2006,5.954442978,9.900592804,0.930439949,62.41413879,0.567254603,-0.302026033,0.966878653,0.621323466,0.25399825,0.205602363,0.833007574
Lithuania,2007,5.80828476,10.01761532,0.940791965,62.27702713,0.589662313,-0.289630949,0.966326058,0.589249313,0.279184252,0.26929301,0.818358541
Lithuania,2008,5.553925991,10.05384159,0.91366744,63.0782814,0.621060073,-0.267551273,0.960843027,0.532837272,0.275795698,0.161105841,0.76934123
Lithuania,2009,5.466920853,9.904610634,0.932608962,64.04663849,0.495955795,-0.310164988,0.978800118,0.52619791,0.270837814,0.126142234,0.742004871
Lithuania,2010,5.065824986,9.94184494,0.881810606,64.35728455,0.519352257,-0.282237262,0.962167203,0.473149508,0.27202931,0.114503264,0.78303498
Lithuania,2011,5.43243742,10.02312183,0.911411285,64.61651611,0.565797269,-0.155904844,0.963511646,0.569533467,0.274636686,0.18108657,0.740478635
Lithuania,2012,5.771037102,10.07417297,0.918690145,64.88002777,0.503027141,-0.281597167,0.956959248,0.580971003,0.277385563,0.145729542,0.82539618
Lithuania,2013,5.595689297,10.11912632,0.91251415,65.14353943,0.555815279,-0.245330006,0.936335504,0.580803812,0.293728739,0.384238273,0.926773012
Lithuania,2014,6.125723839,10.15863705,0.908239841,65.40705109,0.507947206,-0.272202909,0.956347883,0.619342983,0.286910683,0.344657153,0.871467173
Luxembourg,2009,6.957920074,11.37935352,0.938559353,70.80285645,0.939101696,0.11142116,0.431606978,0.799492657,0.238021523,0.824018121,1.479735494
Luxembourg,2010,7.097251892,11.41631317,0.952371716,70.79856873,0.908303082,0.07946597,0.423341334,0.808782876,0.216064394,0.768445313,1.500339746
Luxembourg,2011,7.101400375,11.41942024,0.934090614,71.1112442,0.961830735,0.089443497,0.3881706,0.836458564,0.200136617,0.770686686,1.454595089
Luxembourg,2012,6.964097023,11.38689804,0.913907707,71.46674347,0.916520953,0.042846926,0.402753204,0.815248728,0.227411717,0.743670523,1.482346773
Luxembourg,2013,7.130809307,11.40633488,0.916683257,71.82225037,0.789655447,-0.07069134,0.300811768,0.640379965,0.184799984,0.736690223,1.470666647
Luxembourg,2014,6.89112711,11.42309189,0.875469446,72.17774963,0.937987685,0.089400798,0.366286784,0.803083718,0.170409396,0.662738323,1.459797144
Montenegro,2007,5.196315289,9.504077911,0.831840634,64.1913147,0.512067258,-0.134358004,0.814567804,0.578938007,0.339850873,0.497209966,0.20915319
Montenegro,2012,5.218724251,9.533634186,0.704032779,64.82752991,0.46170637,-0.193067625,0.755059719,0.573610485,0.379281342,0.355399817,0.392855793
Montenegro,2013,5.074341774,9.567532539,0.735565186,64.92173767,0.502264977,-0.176818162,0.69337213,0.538980365,0.331081718,0.392235279,0.322948843
Montenegro,2014,5.282720566,9.58425808,0.862930357,65.01595306,0.50266552,0.095483765,0.768465519,0.58744204,0.367646754,0.402112842,0.207932994
Netherlands,2007,7.451879501,10.75475883,0.943854094,70.20897675,0.896018088,0.329523593,0.445436567,0.817750037,0.213335603,0.661945999,1.177703142
Netherlands,2008,7.631011963,10.7677145,0.944202244,70.34366608,0.883287251,0.350607425,0.418940485,0.788194716,0.181690425,0.617428839,1.200991988
Netherlands,2010,7.501875877,10.73296738,0.956536889,70.73917389,0.921448231,0.335051894,0.398591846,0.853233814,0.206079304,0.636186302,1.200301528
Netherlands,2011,7.563797951,10.74480247,0.938396096,71.17958832,0.92543155,0.321204662,0.359395891,0.862723231,0.181386188,0.603366792,1.337855458
Netherlands,2012,7.470715523,10.73047543,0.938884676,71.0919342,0.877118647,0.273785055,0.433753788,0.860640585,0.226289868,0.574513912,1.398276448
Netherlands,2013,7.406550407,10.72256088,0.924705446,71.0919342,0.918995857,0.290517181,0.504529953,0.866824448,0.23544322,0.542986929,1.35036993
Netherlands,2014,7.32118845,10.7296648,0.908995748,71.0919342,0.910179615,0.317489088,0.45694837,0.867766142,0.220656529,0.525242269,1.311287045
Norway,2006,7.415682316,11.0755558,0.958511293,69.56606293,0.959532738,0.07903748,0.397150129,0.831731081,0.197113186,0.682717204,1.391528249
Norway,2008,7.632287502,11.0854578,0.935878932,69.78147125,0.947288871,-0.011684164,0.502776325,0.791722357,0.155095205,0.540759981,1.415763736
Norway,2012,7.678277016,11.0606842,0.947657406,70.52483368,0.946565866,0.117872901,0.368042678,0.822749853,0.212821111,0.663340509,1.530023813
Norway,2014,7.444470882,11.06670189,0.941161931,70.52483368,0.956316173,0.151679561,0.404825836,0.833696604,0.194354936,0.699690521,1.420875072
Poland,2007,5.886137486,9.871006966,0.912639678,65.4719696,0.772223353,-0.056743991,0.925285518,0.760025561,0.237598762,0.187883481,0.742031097
Poland,2009,5.772027493,9.934649467,0.916798174,65.86458588,0.820649087,0.063643351,0.897762001,0.690350533,0.245965257,0.284511507,0.959546268
Poland,2010,5.887029648,9.973826408,0.95506531,66.34422302,0.794900477,-0.008275945,0.904697299,0.736897647,0.234237015,0.333801061,1.006679773
Poland,2011,5.646204948,10.02215958,0.904578626,66.77928162,0.868148923,-0.077175245,0.907953143,0.725359917,0.223810226,0.27237618,1.035938621
Poland,2012,5.87593174,10.03765869,0.935923874,66.82385254,0.811301708,-0.03693321,0.887895823,0.787489176,0.266746789,0.268628746,1.034356713
Poland,2013,5.746131897,10.05082989,0.911934912,66.86842346,0.775931358,-0.147569522,0.915677428,0.784124315,0.241980955,0.163588136,0.966957927
Poland,2014,5.750282288,10.08480167,0.923642278,66.91298676,0.875357091,-0.074922159,0.897741735,0.776996672,0.222643748,0.252522856,0.981654584
Portugal,2006,5.405246258,10.20768929,0.905289888,68.73809052,0.882068098,-0.18738021,0.880059004,0.708912194,0.333497614,0.452416807,1.076108217
Portugal,2008,5.716966629,10.23088932,0.885925412,68.83002472,0.646464109,-0.226356059,0.932685852,0.70293057,0.309280723,0.339916795,1.080005884
Portugal,2010,5.094525814,10.21805191,0.863906741,69.27043152,0.721036375,-0.114983819,0.947879434,0.741612136,0.265107363,0.263269573,0.90041858
Portugal,2011,5.219997883,10.20108604,0.855960667,70.53607178,0.875092566,-0.18183066,0.961977124,0.725109041,0.279200882,0.20997645,0.909850717
Portugal,2012,4.993962288,10.1640234,0.86603862,70.45056152,0.773821414,-0.10559462,0.959288418,0.728934467,0.370169967,0.230625153,0.877238929
Portugal,2013,5.157688141,10.1581459,0.867180824,70.45056152,0.78803277,-0.126758531,0.946257353,0.699667215,0.347898155,0.17921339,0.885020792
Portugal,2014,5.12691164,10.17290783,0.86182946,70.45056152,0.846810102,-0.134934276,0.94107008,0.705072284,0.357692271,0.227394462,0.951042652
Romania,2007,5.393723965,9.730790138,0.736480415,64.72089386,0.685747743,-0.192238793,0.948706627,0.644177675,0.27662608,0.199743554,0.337379247
Romania,2009,5.367565155,9.763697624,0.812449574,65.38437653,0.60582763,-0.199229568,0.96679461,0.548347473,0.270051271,0.231964737,0.405357242
Romania,2010,4.909165859,9.761620522,0.689065635,65.51707458,0.565536737,-0.089962333,0.973686337,0.596489191,0.34447822,0.093852684,0.334429085
Romania,2011,5.02275753,9.777046204,0.752606809,66.50250244,0.650402188,-0.144491687,0.964042604,0.542729139,0.294461548,0.116410844,0.266995907
Romania,2012,5.166874886,9.787887573,0.740043104,66.41331482,0.644536138,-0.115293927,0.959486127,0.555993974,0.342614621,0.236376286,0.184784234
Romania,2013,5.081584454,9.826307297,0.777552068,66.41331482,0.654542148,-0.133292794,0.95184356,0.639820933,0.32861948,0.241623357,0.227641255
Romania,2014,5.726893425,9.857346535,0.75294137,66.41331482,0.754235506,-0.104312137,0.95832473,0.654498339,0.330687732,0.243379444,0.229220733
Russian Federation,2006,4.963742733,9.886322975,0.894707382,58.91642761,0.643388212,-0.316291004,0.935101748,0.611432076,0.232429147,0.37003988,-0.903912485
Russian Federation,2007,5.222867489,9.969936371,0.88465637,59.67176056,0.592569709,-0.294134885,0.93346411,0.622690141,0.192846358,0.374115855,-0.878419876
Russian Federation,2008,5.61875391,10.02152443,0.882316172,59.98225784,0.642778277,-0.315832794,0.924090385,0.59379828,0.165901884,0.557550251,-0.807038605
Russian Federation,2009,5.158227921,9.939786911,0.908075571,60.65069199,0.61711514,-0.293561399,0.953601718,0.56615144,0.168979272,0.549765408,-0.923832774
Russian Federation,2010,5.384773254,9.983390808,0.908814192,60.87278366,0.613159001,-0.306881338,0.936571956,0.58897537,0.171420962,0.51499486,-0.896556497
Russian Federation,2011,5.388766289,10.02436829,0.883416891,61.58218765,0.625847578,-0.289635032,0.935130417,0.601347685,0.165234953,0.479574502,-0.927779377
Russian Federation,2012,5.620735645,10.05617428,0.901295125,62.20749664,0.609104156,-0.30323863,0.937517941,0.611164153,0.173604488,0.452001721,-0.90221107
Russian Federation,2013,5.537177563,10.06736374,0.880856991,62.83280563,0.661185563,-0.299746543,0.933804512,0.679745317,0.179923758,0.388303369,-0.874565721
Russian Federation,2014,6.036976814,10.05590439,0.931755424,63.45811462,0.744332075,-0.274820477,0.869267285,0.687637925,0.151346922,0.640166044,-0.94130981
Serbia,2007,4.750383854,9.378670692,0.844413042,63.81414795,0.452781171,-0.167667657,0.904949665,0.576048136,0.334419727,0.342910528,-0.162398785
Serbia,2012,5.154521942,9.433867455,0.819430411,64.85837555,0.460574687,-0.13191402,0.951667845,0.514332354,0.371236444,0.223251179,-0.019980855
Serbia,2013,5.101840496,9.464125633,0.828068733,65.11837769,0.532839715,-0.101397946,0.908122003,0.529108465,0.403452963,0.340113223,0.103168711
Serbia,2014,5.112728596,9.450687408,0.782708704,65.37837219,0.531597257,0.070677124,0.911732435,0.497755259,0.326117814,0.447972029,0.204041764
Slovakia,2006,5.264676571,9.959042549,0.953579247,65.41745758,0.542479694,-0.063428998,0.945731282,0.678114116,0.307859093,0.163079232,0.840198398
Slovakia,2010,6.052223206,10.10657406,0.919640005,66.21733093,0.635757685,-0.115608759,0.907136023,0.666457951,0.277206749,0.308679521,0.958466768
Slovakia,2011,5.945048332,10.13330746,0.917293429,66.96344757,0.727163136,-0.004564437,0.907132328,0.636583209,0.287409574,0.278723896,0.957888782
Slovakia,2012,5.91105938,10.14672375,0.925751448,67.09675598,0.620004296,-0.04252696,0.906532168,0.656188428,0.302260816,0.368380159,1.008330822
Slovakia,2013,5.936527252,10.15982819,0.909378529,67.23007202,0.597935796,-0.066019744,0.914539933,0.697576046,0.276509553,0.283493221,1.017829061
Slovakia,2014,6.1388731,10.18379021,0.924242675,67.36338043,0.634791732,-0.140773386,0.913870215,0.703484714,0.266784608,0.310181499,0.998981416
Slovenia,2006,5.811264515,10.24360752,0.936075211,68.32575989,0.935824215,0.034106512,0.707797885,0.652222455,0.307204872,0.477644771,1.061425209
Slovenia,2009,5.830160618,10.2457962,0.918696642,69.09938812,0.895956635,-0.027132438,0.803634167,0.640713274,0.303117454,0.368030965,0.975076318
Slovenia,2010,6.082555294,10.2537365,0.917203367,69.49420929,0.895522416,0.021064889,0.844790697,0.67081368,0.295366138,0.331916302,0.934988379
Slovenia,2011,6.035964012,10.25813198,0.931166053,69.97438812,0.907440901,-0.033172969,0.893133819,0.651520729,0.285320938,0.181583047,0.997805834
Slovenia,2012,6.062891006,10.22847271,0.924753785,70.10884094,0.904386282,-0.027444452,0.890754104,0.656376362,0.283989847,0.238065988,0.948233366
Slovenia,2013,5.974888802,10.21648121,0.932119727,70.24329376,0.890059829,0.028038278,0.917839587,0.635099649,0.274269283,0.163433194,0.924460173
Slovenia,2014,5.678395271,10.24540997,0.908347547,70.37774658,0.887747705,0.044269316,0.909118295,0.619817793,0.290812403,0.176851004,0.870892763
Spain,2007,6.994614601,10.4580965,0.956858516,71.99684906,0.78208214,-0.105819277,0.783717752,0.763125002,0.263592541,0.47624892,0.402236223
Spain,2008,7.294472694,10.45324135,0.9482705,72.26609039,0.83378607,-0.162087888,0.683210194,0.772095263,0.259690791,0.579760432,0.388512522
Spain,2009,6.198601246,10.40799141,0.92945385,72.53316498,0.748514712,-0.139652401,0.797704637,0.752164721,0.335877061,0.424362034,0.355616957
Spain,2010,6.188262463,10.40352535,0.949940383,72.66778564,0.796495557,-0.150171414,0.839746296,0.724312365,0.321819484,0.302731603,0.413098633
Spain,2011,6.518249035,10.38992119,0.944443703,73.42340851,0.818650901,-0.133689046,0.845543444,0.737269402,0.356101543,0.308662713,0.556803763
Spain,2012,6.290690422,10.36271954,0.937023342,73.37998199,0.754586101,-0.071407028,0.843593001,0.749276638,0.366474479,0.339146554,0.513922691
Spain,2013,6.150027275,10.34913445,0.928640485,73.37998199,0.759356439,-0.113154106,0.915822566,0.696295857,0.371839374,0.184549659,0.499213845
Spain,2014,6.456477642,10.36728287,0.947864413,73.37998199,0.738472342,-0.040105876,0.853887916,0.716265917,0.335460007,0.210619807,0.656936586
Sweden,2007,7.241362572,10.69206524,0.916559398,71.03414917,0.90996182,0.131106243,0.289332151,0.796209335,0.177412212,0.562064052,1.392516851
Sweden,2008,7.51599741,10.678689,0.923092127,71.20975494,0.911609292,0.110173106,0.313961208,0.804466605,0.134403035,0.517427444,1.329146504
Sweden,2009,7.265977383,10.61693096,0.902532995,71.430336,0.864004612,0.206561133,0.292112172,0.819678426,0.151362836,0.590337634,1.31913352
Sweden,2010,7.496018887,10.66657066,0.97024262,71.5181427,0.904699981,0.127012521,0.253086656,0.833033264,0.20011203,0.602851212,1.333477259
Sweden,2011,7.382232189,10.68531418,0.920521259,71.82653046,0.941115439,0.147312894,0.268513024,0.814561486,0.179151982,0.638707519,1.439175129
Sweden,2012,7.560147762,10.67504883,0.929397464,71.74086761,0.944382191,0.117637143,0.253543109,0.855099976,0.170226127,0.626497209,1.43428421
Sweden,2013,7.434010506,10.67891121,0.915648043,71.74086761,0.935910523,0.144527823,0.324481547,0.829284012,0.184420303,0.579855025,1.400104284
Sweden,2014,7.239147663,10.69271564,0.932719827,71.74086761,0.945273399,0.187434748,0.250389993,0.835672259,0.207688317,0.563272059,1.351894021
Switzerland,2006,7.473252773,10.87400246,0.951352119,71.67214203,0.91895771,0.278261602,0.407931417,0.821402431,0.211929336,0.631593525,1.4199301
Switzerland,2009,7.524520874,10.8814249,0.938339293,72.15909576,0.891277194,0.112618029,0.342427015,0.814037323,0.201584592,0.577988505,1.431439281
Switzerland,2012,7.776208878,10.90745068,0.94686389,72.73400116,0.945428014,0.125867471,0.323240787,0.859107256,0.176007092,0.769940197,1.532393098
Switzerland,2014,7.492803574,10.9198103,0.958796322,72.82409668,0.949401438,0.047739148,0.283089578,0.822913229,0.188794166,0.75163132,1.412076592
Turkey,2007,5.623471737,9.713911057,0.792272806,63.42433548,0.459311515,-0.180643916,0.799733341,0.650954902,0.395127177,0.557877839,-0.455612153
Turkey,2008,5.118231773,9.70862484,0.644873619,63.72963715,0.415497869,-0.191048011,0.785390556,0.614248514,0.345338136,0.597622991,-0.462858081
Turkey,2010,5.490347385,9.719213486,0.794905484,64.3163681,0.514920354,-0.189797699,0.810895741,0.651792586,0.327065974,0.545994282,-0.518995464
Turkey,2011,5.271944046,9.791085243,0.691901684,64.60175323,0.445606649,-0.243727759,0.648596227,0.621293306,0.379784316,0.596201837,-0.558065057
Turkey,2012,5.309076309,9.799918175,0.739280581,64.88078308,0.470903218,-0.215983421,0.701850235,0.644781053,0.334832817,0.53099966,-0.711852193
Turkey,2013,4.888177395,9.828769684,0.795451164,65.15248871,0.540723383,-0.227389768,0.698064804,0.634615362,0.391873837,0.538311779,-0.731764734
Ukraine,2006,4.803954124,8.967993736,0.852453351,60.40684891,0.623814106,-0.237830862,0.929431498,0.621520102,0.249234051,0.15470925,-0.00073861
Ukraine,2007,5.25218153,9.049996376,0.820094347,60.53518677,0.493922472,-0.222228587,0.967939556,0.636169553,0.207651809,0.078787297,0.092545003
Ukraine,2008,5.172380447,9.078150749,0.860013783,60.56115723,0.486626983,-0.246478915,0.929175198,0.573152661,0.185805932,0.159723967,0.046295613
Ukraine,2009,5.1656394,8.922421455,0.845293224,61.39393997,0.460348487,-0.221939743,0.962244451,0.583073199,0.189013854,0.086690761,-0.140368029
Ukraine,2010,5.057561398,8.967535973,0.883555114,62.34814072,0.483833194,-0.169795424,0.953752279,0.512682855,0.227200434,0.263286889,-0.062018514
Ukraine,2011,5.083132744,9.021823883,0.859458685,62.83075714,0.57866931,-0.208983064,0.932535291,0.59043014,0.21964775,0.236262515,-0.104454353
Ukraine,2012,5.030342102,9.026292801,0.897573471,62.95043945,0.563649774,-0.204490617,0.896237016,0.570337653,0.192819074,0.236936122,-0.194139227
Ukraine,2013,4.710802555,9.028570175,0.896510422,63.14153671,0.568715692,-0.197700411,0.937324286,0.643461585,0.224595502,0.189184397,-0.541971624
Ukraine,2014,4.297329903,9.02003479,0.876760185,63.33263779,0.533267498,0.102267809,0.926788926,0.594336987,0.248560056,0.242528632,-1.004197598
United Kingdom,2007,6.801930904,10.55131149,0.969869673,69.64028931,0.83833164,0.324533433,0.498093426,0.782353044,0.241052061,0.363637656,0.95117569
United Kingdom,2008,6.986463547,10.53876114,0.953838587,69.77284241,0.759144187,0.319635034,0.547769129,0.818950593,0.218296558,0.324165732,0.890944958
United Kingdom,2009,6.90654707,10.48837376,0.964428782,70.16835022,0.816228807,0.330312639,0.558927298,0.846379936,0.231028661,0.384066552,0.709116161
United Kingdom,2010,7.029364109,10.49581909,0.955068171,70.47621155,0.841306746,0.392258376,0.586813152,0.862620771,0.176342949,0.50351125,0.84790957
United Kingdom,2011,6.869248867,10.50753498,0.94871068,70.95724487,0.899774432,0.324734837,0.437595308,0.844498098,0.173908412,0.467890024,0.824771345
United Kingdom,2012,6.880784035,10.51230335,0.934574962,70.91662598,0.888970494,0.360155404,0.425169915,0.844452202,0.184244528,0.421262175,0.867959917
United Kingdom,2013,6.918055058,10.52731133,0.936884105,70.96151733,0.905278027,0.335002482,0.568043172,0.775744438,0.252095789,0.379231632,0.902232587
United Kingdom,2014,6.758147717,10.55001354,0.910247326,71.00641632,0.85703969,0.342969149,0.484118432,0.793992698,0.251140326,0.422672093,0.868451893
